{
    "ROC AUC Score": 0.8799065317051299,
    "PR AUC Score": 0.7631517003671867,
    "Gini Score": 0.7598130634102598,
    "Kolmogorov-Smirnov Score": 0.6179497566346679
}